[
    { "cityId": "Delhi", "cityName": "Delhi" },
    { "cityId": "Mumbai", "cityName": "Mumbai" },
    { "cityId": "Bangalore", "cityName": "Bangalore" },
    { "cityId": "Hyderabad", "cityName": "Hyderabad" },
    { "cityId": "Chennai", "cityName": "Chennai" },
    { "cityId": "Kolkata", "cityName": "Kolkata" },
    { "cityId": "Pune", "cityName": "Pune" },
    { "cityId": "Ahmedabad", "cityName": "Ahmedabad" },
    { "cityId": "Lucknow", "cityName": "Lucknow" },
    { "cityId": "JJaipurAI", "cityName": "Jaipur" },
    { "cityId": "Coimbatore", "cityName": "Coimbatore" },
    { "cityId": "Bhubaneswar", "cityName": "Bhubaneswar" },
    { "cityId": "Thiruvananthapuram", "cityName": "Thiruvananthapuram" },
    { "cityId": "Bhopal", "cityName": "Bhopal" },
    { "cityId": "Patna", "cityName": "Patna" },
    { "cityId": "Visakhapatnam", "cityName": "Visakhapatnam" },
    { "cityId": "Nagpur", "cityName": "Nagpur" },
    { "cityId": "Surat", "cityName": "Surat" },
    { "cityId": "Indore", "cityName": "Indore" },
    { "cityId": "Raipur", "cityName": "Raipur" }
  ]
  