{
  "manifest.json": 1756986624027,
  "controller/App.controller.js": 1754995998345,
  "model/cities.json": 1754995998345,
  "controller/ReviewTravelScreen.controller.js": 1755752864100,
  "controller/CreateTravelRequest.controller.js": 1756967179718,
  "model/models.js": 1754995998345,
  "i18n/i18n.properties": 1754995998345,
  "Component.js": 1754995998345,
  "controller/CreateTravelRequest-dbg.controller.js": 1756967179718,
  "controller/CreateTravelRequest.controller.js.map": 1756987640050,
  "controller/ReviewTravelScreen-dbg.controller.js": 1755752864100,
  "controller/ReviewTravelScreen.controller.js.map": 1756987640029,
  "controller/App-dbg.controller.js": 1754995998345,
  "controller/App.controller.js.map": 1756987639986,
  "model/models-dbg.js": 1754995998345,
  "model/models.js.map": 1756987639935,
  "Component-dbg.js": 1754995998345,
  "Component.js.map": 1756987639938,
  "Component-preload.js": 1756987640219,
  "Component-preload.js.map": 1756987640219,
  "view/ReviewTravelScreen.view.xml": 1756900974877,
  "view/CreateTravelRequest.view.xml": 1756899885344,
  "view/App.view.xml": 1754995998345,
  "img/Logo.png": 1756878728177,
  "css/style.css": 1756899817755,
  "index.html": 1754995998345
}