{
  "controller/CreateTravelRequest.controller.js.map": 1759225260482,
  "controller/ReviewDraftRequest.controller.js": 1759140258569,
  "model/cities.json": 1758693381515,
  "controller/ReviewTravelScreen.controller.js": 1759140216852,
  "model/models.js": 1754995998345,
  "controller/CreateTravelRequest.controller.js": 1758700451563,
  "controller/App.controller.js": 1758107175704,
  "manifest.json": 1759211520735,
  "Component.js": 1758110799493,
  "Component-dbg.js": 1758110799493,
  "Component.js.map": 1759225260377,
  "controller/ReviewTravelScreen-dbg.controller.js": 1759140216852,
  "controller/ReviewTravelScreen.controller.js.map": 1759225260473,
  "model/models-dbg.js": 1754995998345,
  "model/models.js.map": 1759225260382,
  "controller/CreateTravelRequest-dbg.controller.js": 1758700451563,
  "i18n/i18n.properties": 1754995998345,
  "controller/App-dbg.controller.js": 1758107175704,
  "controller/App.controller.js.map": 1759225260379,
  "controller/ReviewDraftRequest-dbg.controller.js": 1759140258569,
  "controller/ReviewDraftRequest.controller.js.map": 1759225260469,
  "Component-preload.js": 1759225260672,
  "Component-preload.js.map": 1759225260673,
  "view/ReviewTravelScreen.view.xml": 1758886139858,
  "view/ReviewDraftRequest.view.xml": 1758695748052,
  "view/CreateTravelRequest.view.xml": 1759137933564,
  "view/App.view.xml": 1758107167792,
  "img/Logo.png": 1756878728177,
  "css/style.css": 1758617937464,
  "index.html": 1758104297771
}