{
  "controller/App-dbg.controller.js": 1753075275613,
  "controller/App.controller.js": 1753075275613,
  "model/cities.json": 1753079916387,
  "controller/ReviewTravelScreen.controller.js": 1753335145339,
  "controller/CreateTravelRequest.controller.js": 1753334297388,
  "model/models.js": 1753075275609,
  "manifest.json": 1753183158900,
  "Component.js": 1753075275605,
  "model/models-dbg.js": 1753075275609,
  "model/models.js.map": 1753420464846,
  "controller/ReviewTravelScreen-dbg.controller.js": 1753335145339,
  "controller/ReviewTravelScreen.controller.js.map": 1753420464861,
  "controller/CreateTravelRequest-dbg.controller.js": 1753334297388,
  "controller/CreateTravelRequest.controller.js.map": 1753420464876,
  "i18n/i18n.properties": 1753075275609,
  "controller/App.controller.js.map": 1753420464846,
  "Component-dbg.js": 1753075275605,
  "Component.js.map": 1753420464849,
  "Component-preload.js": 1753420465125,
  "Component-preload.js.map": 1753420465125,
  "view/ReviewTravelScreen.view.xml": 1753335521130,
  "view/CreateTravelRequest.view.xml": 1753274386926,
  "view/App.view.xml": 1753075275617,
  "css/style.css": 1753273775607,
  "index.html": 1753075275605
}