{
  "controller/App.controller.js.map": 1755599800944,
  "controller/App.controller.js": 1754995998345,
  "model/cities.json": 1754995998345,
  "controller/ReviewTravelScreen.controller.js": 1754995998345,
  "controller/CreateTravelRequest.controller.js": 1755593003032,
  "model/models.js": 1754995998345,
  "manifest.json": 1755596892097,
  "Component.js": 1754995998345,
  "controller/CreateTravelRequest-dbg.controller.js": 1755593003032,
  "controller/CreateTravelRequest.controller.js.map": 1755599800967,
  "controller/ReviewTravelScreen-dbg.controller.js": 1754995998345,
  "controller/ReviewTravelScreen.controller.js.map": 1755599800959,
  "controller/App-dbg.controller.js": 1754995998345,
  "i18n/i18n.properties": 1754995998345,
  "model/models-dbg.js": 1754995998345,
  "model/models.js.map": 1755599800942,
  "Component-dbg.js": 1754995998345,
  "Component.js.map": 1755599800944,
  "Component-preload.js": 1755599801068,
  "Component-preload.js.map": 1755599801068,
  "view/ReviewTravelScreen.view.xml": 1754995998345,
  "view/CreateTravelRequest.view.xml": 1754995998345,
  "view/App.view.xml": 1754995998345,
  "css/style.css": 1754995998345,
  "index.html": 1754995998345
}