{
  "Component-dbg.js": 1754995998345,
  "model/cities.json": 1754995998345,
  "model/models.js": 1754995998345,
  "controller/ReviewTravelScreen.controller.js": 1755752864100,
  "controller/CreateTravelRequest.controller.js": 1755593003032,
  "controller/App.controller.js": 1754995998345,
  "manifest.json": 1755680915922,
  "Component.js": 1754995998345,
  "controller/App-dbg.controller.js": 1754995998345,
  "controller/App.controller.js.map": 1755753335246,
  "controller/ReviewTravelScreen-dbg.controller.js": 1755752864100,
  "controller/ReviewTravelScreen.controller.js.map": 1755753335268,
  "controller/CreateTravelRequest-dbg.controller.js": 1755593003032,
  "controller/CreateTravelRequest.controller.js.map": 1755753335272,
  "model/models-dbg.js": 1754995998345,
  "model/models.js.map": 1755753335248,
  "i18n/i18n.properties": 1754995998345,
  "Component.js.map": 1755753335249,
  "Component-preload.js": 1755753335507,
  "Component-preload.js.map": 1755753335507,
  "view/ReviewTravelScreen.view.xml": 1754995998345,
  "view/CreateTravelRequest.view.xml": 1754995998345,
  "view/App.view.xml": 1754995998345,
  "css/style.css": 1754995998345,
  "index.html": 1754995998345
}