{
  "view/ReviewTravelScreen.view.xml": 1754995998345,
  "controller/App.controller.js": 1754995998345,
  "model/cities.json": 1754995998345,
  "controller/ReviewTravelScreen.controller.js": 1755752864100,
  "controller/CreateTravelRequest.controller.js": 1755593003032,
  "model/models.js": 1754995998345,
  "manifest.json": 1756204629284,
  "Component.js": 1754995998345,
  "controller/App-dbg.controller.js": 1754995998345,
  "controller/App.controller.js.map": 1756449983035,
  "controller/ReviewTravelScreen-dbg.controller.js": 1755752864100,
  "controller/ReviewTravelScreen.controller.js.map": 1756449983057,
  "controller/CreateTravelRequest-dbg.controller.js": 1755593003032,
  "controller/CreateTravelRequest.controller.js.map": 1756449983069,
  "model/models-dbg.js": 1754995998345,
  "model/models.js.map": 1756449983036,
  "Component-dbg.js": 1754995998345,
  "Component.js.map": 1756449983038,
  "Component-preload.js": 1756449983352,
  "Component-preload.js.map": 1756449983352,
  "i18n/i18n.properties": 1754995998345,
  "view/CreateTravelRequest.view.xml": 1754995998345,
  "view/App.view.xml": 1754995998345,
  "css/style.css": 1754995998345,
  "index.html": 1754995998345
}