{
  "controller/App.controller.js": 1758107175704,
  "model/models.js": 1754995998345,
  "model/cities.json": 1754995998345,
  "controller/ReviewTravelScreen.controller.js": 1758092858816,
  "controller/CreateTravelRequest.controller.js": 1758110260668,
  "i18n/i18n.properties": 1754995998345,
  "manifest.json": 1758110804949,
  "Component.js": 1758110799493,
  "model/models-dbg.js": 1754995998345,
  "model/models.js.map": 1758171776364,
  "controller/ReviewTravelScreen-dbg.controller.js": 1758092858816,
  "controller/ReviewTravelScreen.controller.js.map": 1758171776385,
  "controller/CreateTravelRequest-dbg.controller.js": 1758110260668,
  "controller/CreateTravelRequest.controller.js.map": 1758171776389,
  "controller/App-dbg.controller.js": 1758107175704,
  "controller/App.controller.js.map": 1758171776364,
  "Component-dbg.js": 1758110799493,
  "Component.js.map": 1758171776367,
  "Component-preload.js": 1758171776516,
  "Component-preload.js.map": 1758171776516,
  "view/ReviewTravelScreen.view.xml": 1758094575599,
  "view/CreateTravelRequest.view.xml": 1758112607680,
  "view/App.view.xml": 1758107167792,
  "img/Logo.png": 1756878728177,
  "css/style.css": 1758112059539,
  "index.html": 1758104297771
}