{
  "Component-preload.js.map": 1759136259683,
  "model/models.js": 1754995998345,
  "model/cities.json": 1758693381515,
  "controller/ReviewTravelScreen.controller.js": 1759126509177,
  "controller/ReviewDraftRequest.controller.js": 1758700448199,
  "controller/CreateTravelRequest.controller.js": 1758700451563,
  "controller/App.controller.js": 1758107175704,
  "manifest.json": 1758647637997,
  "Component.js": 1758110799493,
  "controller/ReviewTravelScreen-dbg.controller.js": 1759126509177,
  "controller/ReviewTravelScreen.controller.js.map": 1759136259537,
  "model/models-dbg.js": 1754995998345,
  "model/models.js.map": 1759136259474,
  "controller/ReviewDraftRequest-dbg.controller.js": 1758700448199,
  "controller/ReviewDraftRequest.controller.js.map": 1759136259538,
  "controller/CreateTravelRequest-dbg.controller.js": 1758700451563,
  "controller/CreateTravelRequest.controller.js.map": 1759136259539,
  "controller/App-dbg.controller.js": 1758107175704,
  "controller/App.controller.js.map": 1759136259476,
  "Component-dbg.js": 1758110799493,
  "Component.js.map": 1759136259478,
  "Component-preload.js": 1759136259683,
  "i18n/i18n.properties": 1754995998345,
  "view/ReviewTravelScreen.view.xml": 1758886139858,
  "view/ReviewDraftRequest.view.xml": 1758695748052,
  "view/CreateTravelRequest.view.xml": 1758644573087,
  "view/App.view.xml": 1758107167792,
  "img/Logo.png": 1756878728177,
  "css/style.css": 1758617937464,
  "index.html": 1758104297771
}